model,MAE,RMSE,R2
Linear Regression,4.030436801474491e-05,4.993195258914647e-05,0.9968707418626219
Random Forest,1.4084990889667242e-16,1.632218189203932e-16,1.0
